sample_id,assay_info,pairedtag_run_id,antibody_target,dna_well,barcode,library_type,lysis_id,sequence_id,fastq1,fastq2
Altos20221026-1,Altos20221026-1_H3K27ac_A1667497188285,2022-10-26 Altos Labs,H3K27ac,1,CATC,dna,A3,SDA3,/NAS1/MiniSeq1/221108_MN01831_0017_A000H3WV3T/Alignment_1/20221109_071814/Fastq/DA3_S1_L001_R1_001.fastq.gz,/NAS1/MiniSeq1/221108_MN01831_0017_A000H3WV3T/Alignment_1/20221109_071814/Fastq/DA3_S1_L001_R2_001.fastq.gz
Altos20221026-2,Altos20221026-2_H3K27ac_A1667497237423,2022-10-26 Altos Labs,H3K27ac,2,ATGA,dna,A3,SDA3,/NAS1/MiniSeq1/221108_MN01831_0017_A000H3WV3T/Alignment_1/20221109_071814/Fastq/DA3_S1_L001_R1_001.fastq.gz,/NAS1/MiniSeq1/221108_MN01831_0017_A000H3WV3T/Alignment_1/20221109_071814/Fastq/DA3_S1_L001_R2_001.fastq.gz
Altos20221026-3,Altos20221026-3_H3K27ac_A1667497256103,2022-10-26 Altos Labs,H3K27ac,3,AGCT,dna,A3,SDA3,/NAS1/MiniSeq1/221108_MN01831_0017_A000H3WV3T/Alignment_1/20221109_071814/Fastq/DA3_S1_L001_R1_001.fastq.gz,/NAS1/MiniSeq1/221108_MN01831_0017_A000H3WV3T/Alignment_1/20221109_071814/Fastq/DA3_S1_L001_R2_001.fastq.gz
Altos20221026-1,Altos20221026-1_H3K4me1_A1667497266123,2022-10-26 Altos Labs,H3K4me1,4,ACAG,dna,A3,SDA3,/NAS1/MiniSeq1/221108_MN01831_0017_A000H3WV3T/Alignment_1/20221109_071814/Fastq/DA3_S1_L001_R1_001.fastq.gz,/NAS1/MiniSeq1/221108_MN01831_0017_A000H3WV3T/Alignment_1/20221109_071814/Fastq/DA3_S1_L001_R2_001.fastq.gz
Altos20221026-2,Altos20221026-2_H3K4me1_A1667497279791,2022-10-26 Altos Labs,H3K4me1,5,GAAT,dna,A3,SDA3,/NAS1/MiniSeq1/221108_MN01831_0017_A000H3WV3T/Alignment_1/20221109_071814/Fastq/DA3_S1_L001_R1_001.fastq.gz,/NAS1/MiniSeq1/221108_MN01831_0017_A000H3WV3T/Alignment_1/20221109_071814/Fastq/DA3_S1_L001_R2_001.fastq.gz
Altos20221026-3,Altos20221026-3_H3K4me1_A1667497289672,2022-10-26 Altos Labs,H3K4me1,6,TACG,dna,A3,SDA3,/NAS1/MiniSeq1/221108_MN01831_0017_A000H3WV3T/Alignment_1/20221109_071814/Fastq/DA3_S1_L001_R1_001.fastq.gz,/NAS1/MiniSeq1/221108_MN01831_0017_A000H3WV3T/Alignment_1/20221109_071814/Fastq/DA3_S1_L001_R2_001.fastq.gz
Altos20221026-1,Altos20221026-1_H3K27me3_A1667497298795,2022-10-26 Altos Labs,H3K27me3,7,TTAC,dna,A3,SDA3,/NAS1/MiniSeq1/221108_MN01831_0017_A000H3WV3T/Alignment_1/20221109_071814/Fastq/DA3_S1_L001_R1_001.fastq.gz,/NAS1/MiniSeq1/221108_MN01831_0017_A000H3WV3T/Alignment_1/20221109_071814/Fastq/DA3_S1_L001_R2_001.fastq.gz
Altos20221026-2,Altos20221026-2_H3K27me3_A1667497307290,2022-10-26 Altos Labs,H3K27me3,8,GTTG,dna,A3,SDA3,/NAS1/MiniSeq1/221108_MN01831_0017_A000H3WV3T/Alignment_1/20221109_071814/Fastq/DA3_S1_L001_R1_001.fastq.gz,/NAS1/MiniSeq1/221108_MN01831_0017_A000H3WV3T/Alignment_1/20221109_071814/Fastq/DA3_S1_L001_R2_001.fastq.gz
Altos20221026-3,Altos20221026-3_H3K27me3_A1667497316431,2022-10-26 Altos Labs,H3K27me3,9,CCGT,dna,A3,SDA3,/NAS1/MiniSeq1/221108_MN01831_0017_A000H3WV3T/Alignment_1/20221109_071814/Fastq/DA3_S1_L001_R1_001.fastq.gz,/NAS1/MiniSeq1/221108_MN01831_0017_A000H3WV3T/Alignment_1/20221109_071814/Fastq/DA3_S1_L001_R2_001.fastq.gz
Altos20221026-1,Altos20221026-1_H3K9me3_A1667497326834,2022-10-26 Altos Labs,H3K9me3,10,CGAA,dna,A3,SDA3,/NAS1/MiniSeq1/221108_MN01831_0017_A000H3WV3T/Alignment_1/20221109_071814/Fastq/DA3_S1_L001_R1_001.fastq.gz,/NAS1/MiniSeq1/221108_MN01831_0017_A000H3WV3T/Alignment_1/20221109_071814/Fastq/DA3_S1_L001_R2_001.fastq.gz
Altos20221026-2,Altos20221026-2_H3K9me3_A1667497336154,2022-10-26 Altos Labs,H3K9me3,11,TCTA,dna,A3,SDA3,/NAS1/MiniSeq1/221108_MN01831_0017_A000H3WV3T/Alignment_1/20221109_071814/Fastq/DA3_S1_L001_R1_001.fastq.gz,/NAS1/MiniSeq1/221108_MN01831_0017_A000H3WV3T/Alignment_1/20221109_071814/Fastq/DA3_S1_L001_R2_001.fastq.gz
Altos20221026-3,Altos20221026-3_H3K9me3_A1667497343653,2022-10-26 Altos Labs,H3K9me3,12,GGGC,dna,A3,SDA3,/NAS1/MiniSeq1/221108_MN01831_0017_A000H3WV3T/Alignment_1/20221109_071814/Fastq/DA3_S1_L001_R1_001.fastq.gz,/NAS1/MiniSeq1/221108_MN01831_0017_A000H3WV3T/Alignment_1/20221109_071814/Fastq/DA3_S1_L001_R2_001.fastq.gz
Altos20221026-1,Altos20221026-1_H3K27ac_A1667497188285,2022-10-26 Altos Labs,H3K27ac,1,CATC,dna,A7,SDA7,/NAS1/MiniSeq1/221108_MN01831_0017_A000H3WV3T/Alignment_1/20221109_071814/Fastq/DA7_S2_L001_R1_001.fastq.gz,/NAS1/MiniSeq1/221108_MN01831_0017_A000H3WV3T/Alignment_1/20221109_071814/Fastq/DA7_S2_L001_R2_001.fastq.gz
Altos20221026-2,Altos20221026-2_H3K27ac_A1667497237423,2022-10-26 Altos Labs,H3K27ac,2,ATGA,dna,A7,SDA7,/NAS1/MiniSeq1/221108_MN01831_0017_A000H3WV3T/Alignment_1/20221109_071814/Fastq/DA7_S2_L001_R1_001.fastq.gz,/NAS1/MiniSeq1/221108_MN01831_0017_A000H3WV3T/Alignment_1/20221109_071814/Fastq/DA7_S2_L001_R2_001.fastq.gz
Altos20221026-3,Altos20221026-3_H3K27ac_A1667497256103,2022-10-26 Altos Labs,H3K27ac,3,AGCT,dna,A7,SDA7,/NAS1/MiniSeq1/221108_MN01831_0017_A000H3WV3T/Alignment_1/20221109_071814/Fastq/DA7_S2_L001_R1_001.fastq.gz,/NAS1/MiniSeq1/221108_MN01831_0017_A000H3WV3T/Alignment_1/20221109_071814/Fastq/DA7_S2_L001_R2_001.fastq.gz
Altos20221026-1,Altos20221026-1_H3K4me1_A1667497266123,2022-10-26 Altos Labs,H3K4me1,4,ACAG,dna,A7,SDA7,/NAS1/MiniSeq1/221108_MN01831_0017_A000H3WV3T/Alignment_1/20221109_071814/Fastq/DA7_S2_L001_R1_001.fastq.gz,/NAS1/MiniSeq1/221108_MN01831_0017_A000H3WV3T/Alignment_1/20221109_071814/Fastq/DA7_S2_L001_R2_001.fastq.gz
Altos20221026-2,Altos20221026-2_H3K4me1_A1667497279791,2022-10-26 Altos Labs,H3K4me1,5,GAAT,dna,A7,SDA7,/NAS1/MiniSeq1/221108_MN01831_0017_A000H3WV3T/Alignment_1/20221109_071814/Fastq/DA7_S2_L001_R1_001.fastq.gz,/NAS1/MiniSeq1/221108_MN01831_0017_A000H3WV3T/Alignment_1/20221109_071814/Fastq/DA7_S2_L001_R2_001.fastq.gz
Altos20221026-3,Altos20221026-3_H3K4me1_A1667497289672,2022-10-26 Altos Labs,H3K4me1,6,TACG,dna,A7,SDA7,/NAS1/MiniSeq1/221108_MN01831_0017_A000H3WV3T/Alignment_1/20221109_071814/Fastq/DA7_S2_L001_R1_001.fastq.gz,/NAS1/MiniSeq1/221108_MN01831_0017_A000H3WV3T/Alignment_1/20221109_071814/Fastq/DA7_S2_L001_R2_001.fastq.gz
Altos20221026-1,Altos20221026-1_H3K27me3_A1667497298795,2022-10-26 Altos Labs,H3K27me3,7,TTAC,dna,A7,SDA7,/NAS1/MiniSeq1/221108_MN01831_0017_A000H3WV3T/Alignment_1/20221109_071814/Fastq/DA7_S2_L001_R1_001.fastq.gz,/NAS1/MiniSeq1/221108_MN01831_0017_A000H3WV3T/Alignment_1/20221109_071814/Fastq/DA7_S2_L001_R2_001.fastq.gz
Altos20221026-2,Altos20221026-2_H3K27me3_A1667497307290,2022-10-26 Altos Labs,H3K27me3,8,GTTG,dna,A7,SDA7,/NAS1/MiniSeq1/221108_MN01831_0017_A000H3WV3T/Alignment_1/20221109_071814/Fastq/DA7_S2_L001_R1_001.fastq.gz,/NAS1/MiniSeq1/221108_MN01831_0017_A000H3WV3T/Alignment_1/20221109_071814/Fastq/DA7_S2_L001_R2_001.fastq.gz
Altos20221026-3,Altos20221026-3_H3K27me3_A1667497316431,2022-10-26 Altos Labs,H3K27me3,9,CCGT,dna,A7,SDA7,/NAS1/MiniSeq1/221108_MN01831_0017_A000H3WV3T/Alignment_1/20221109_071814/Fastq/DA7_S2_L001_R1_001.fastq.gz,/NAS1/MiniSeq1/221108_MN01831_0017_A000H3WV3T/Alignment_1/20221109_071814/Fastq/DA7_S2_L001_R2_001.fastq.gz
Altos20221026-1,Altos20221026-1_H3K9me3_A1667497326834,2022-10-26 Altos Labs,H3K9me3,10,CGAA,dna,A7,SDA7,/NAS1/MiniSeq1/221108_MN01831_0017_A000H3WV3T/Alignment_1/20221109_071814/Fastq/DA7_S2_L001_R1_001.fastq.gz,/NAS1/MiniSeq1/221108_MN01831_0017_A000H3WV3T/Alignment_1/20221109_071814/Fastq/DA7_S2_L001_R2_001.fastq.gz
Altos20221026-2,Altos20221026-2_H3K9me3_A1667497336154,2022-10-26 Altos Labs,H3K9me3,11,TCTA,dna,A7,SDA7,/NAS1/MiniSeq1/221108_MN01831_0017_A000H3WV3T/Alignment_1/20221109_071814/Fastq/DA7_S2_L001_R1_001.fastq.gz,/NAS1/MiniSeq1/221108_MN01831_0017_A000H3WV3T/Alignment_1/20221109_071814/Fastq/DA7_S2_L001_R2_001.fastq.gz
Altos20221026-3,Altos20221026-3_H3K9me3_A1667497343653,2022-10-26 Altos Labs,H3K9me3,12,GGGC,dna,A7,SDA7,/NAS1/MiniSeq1/221108_MN01831_0017_A000H3WV3T/Alignment_1/20221109_071814/Fastq/DA7_S2_L001_R1_001.fastq.gz,/NAS1/MiniSeq1/221108_MN01831_0017_A000H3WV3T/Alignment_1/20221109_071814/Fastq/DA7_S2_L001_R2_001.fastq.gz
Altos20221026-1,Altos20221026-1_H3K27ac_A1667497188285,2022-10-26 Altos Labs,H3K27ac,1,CATC,rna,A3,SRA3,/NAS1/MiniSeq1/221108_MN01831_0017_A000H3WV3T/Alignment_1/20221109_071814/Fastq/RA3_S3_L001_R1_001.fastq.gz,/NAS1/MiniSeq1/221108_MN01831_0017_A000H3WV3T/Alignment_1/20221109_071814/Fastq/RA3_S3_L001_R2_001.fastq.gz
Altos20221026-2,Altos20221026-2_H3K27ac_A1667497237423,2022-10-26 Altos Labs,H3K27ac,2,ATGA,rna,A3,SRA3,/NAS1/MiniSeq1/221108_MN01831_0017_A000H3WV3T/Alignment_1/20221109_071814/Fastq/RA3_S3_L001_R1_001.fastq.gz,/NAS1/MiniSeq1/221108_MN01831_0017_A000H3WV3T/Alignment_1/20221109_071814/Fastq/RA3_S3_L001_R2_001.fastq.gz
Altos20221026-3,Altos20221026-3_H3K27ac_A1667497256103,2022-10-26 Altos Labs,H3K27ac,3,AGCT,rna,A3,SRA3,/NAS1/MiniSeq1/221108_MN01831_0017_A000H3WV3T/Alignment_1/20221109_071814/Fastq/RA3_S3_L001_R1_001.fastq.gz,/NAS1/MiniSeq1/221108_MN01831_0017_A000H3WV3T/Alignment_1/20221109_071814/Fastq/RA3_S3_L001_R2_001.fastq.gz
Altos20221026-1,Altos20221026-1_H3K4me1_A1667497266123,2022-10-26 Altos Labs,H3K4me1,4,ACAG,rna,A3,SRA3,/NAS1/MiniSeq1/221108_MN01831_0017_A000H3WV3T/Alignment_1/20221109_071814/Fastq/RA3_S3_L001_R1_001.fastq.gz,/NAS1/MiniSeq1/221108_MN01831_0017_A000H3WV3T/Alignment_1/20221109_071814/Fastq/RA3_S3_L001_R2_001.fastq.gz
Altos20221026-2,Altos20221026-2_H3K4me1_A1667497279791,2022-10-26 Altos Labs,H3K4me1,5,GAAT,rna,A3,SRA3,/NAS1/MiniSeq1/221108_MN01831_0017_A000H3WV3T/Alignment_1/20221109_071814/Fastq/RA3_S3_L001_R1_001.fastq.gz,/NAS1/MiniSeq1/221108_MN01831_0017_A000H3WV3T/Alignment_1/20221109_071814/Fastq/RA3_S3_L001_R2_001.fastq.gz
Altos20221026-3,Altos20221026-3_H3K4me1_A1667497289672,2022-10-26 Altos Labs,H3K4me1,6,TACG,rna,A3,SRA3,/NAS1/MiniSeq1/221108_MN01831_0017_A000H3WV3T/Alignment_1/20221109_071814/Fastq/RA3_S3_L001_R1_001.fastq.gz,/NAS1/MiniSeq1/221108_MN01831_0017_A000H3WV3T/Alignment_1/20221109_071814/Fastq/RA3_S3_L001_R2_001.fastq.gz
Altos20221026-1,Altos20221026-1_H3K27me3_A1667497298795,2022-10-26 Altos Labs,H3K27me3,7,TTAC,rna,A3,SRA3,/NAS1/MiniSeq1/221108_MN01831_0017_A000H3WV3T/Alignment_1/20221109_071814/Fastq/RA3_S3_L001_R1_001.fastq.gz,/NAS1/MiniSeq1/221108_MN01831_0017_A000H3WV3T/Alignment_1/20221109_071814/Fastq/RA3_S3_L001_R2_001.fastq.gz
Altos20221026-2,Altos20221026-2_H3K27me3_A1667497307290,2022-10-26 Altos Labs,H3K27me3,8,GTTG,rna,A3,SRA3,/NAS1/MiniSeq1/221108_MN01831_0017_A000H3WV3T/Alignment_1/20221109_071814/Fastq/RA3_S3_L001_R1_001.fastq.gz,/NAS1/MiniSeq1/221108_MN01831_0017_A000H3WV3T/Alignment_1/20221109_071814/Fastq/RA3_S3_L001_R2_001.fastq.gz
Altos20221026-3,Altos20221026-3_H3K27me3_A1667497316431,2022-10-26 Altos Labs,H3K27me3,9,CCGT,rna,A3,SRA3,/NAS1/MiniSeq1/221108_MN01831_0017_A000H3WV3T/Alignment_1/20221109_071814/Fastq/RA3_S3_L001_R1_001.fastq.gz,/NAS1/MiniSeq1/221108_MN01831_0017_A000H3WV3T/Alignment_1/20221109_071814/Fastq/RA3_S3_L001_R2_001.fastq.gz
Altos20221026-1,Altos20221026-1_H3K9me3_A1667497326834,2022-10-26 Altos Labs,H3K9me3,10,CGAA,rna,A3,SRA3,/NAS1/MiniSeq1/221108_MN01831_0017_A000H3WV3T/Alignment_1/20221109_071814/Fastq/RA3_S3_L001_R1_001.fastq.gz,/NAS1/MiniSeq1/221108_MN01831_0017_A000H3WV3T/Alignment_1/20221109_071814/Fastq/RA3_S3_L001_R2_001.fastq.gz
Altos20221026-2,Altos20221026-2_H3K9me3_A1667497336154,2022-10-26 Altos Labs,H3K9me3,11,TCTA,rna,A3,SRA3,/NAS1/MiniSeq1/221108_MN01831_0017_A000H3WV3T/Alignment_1/20221109_071814/Fastq/RA3_S3_L001_R1_001.fastq.gz,/NAS1/MiniSeq1/221108_MN01831_0017_A000H3WV3T/Alignment_1/20221109_071814/Fastq/RA3_S3_L001_R2_001.fastq.gz
Altos20221026-3,Altos20221026-3_H3K9me3_A1667497343653,2022-10-26 Altos Labs,H3K9me3,12,GGGC,rna,A3,SRA3,/NAS1/MiniSeq1/221108_MN01831_0017_A000H3WV3T/Alignment_1/20221109_071814/Fastq/RA3_S3_L001_R1_001.fastq.gz,/NAS1/MiniSeq1/221108_MN01831_0017_A000H3WV3T/Alignment_1/20221109_071814/Fastq/RA3_S3_L001_R2_001.fastq.gz
Altos20221026-1,Altos20221026-1_H3K27ac_A1667497188285,2022-10-26 Altos Labs,H3K27ac,1,CATC,rna,A7,SRA7,/NAS1/MiniSeq1/221108_MN01831_0017_A000H3WV3T/Alignment_1/20221109_071814/Fastq/RA7_S4_L001_R1_001.fastq.gz,/NAS1/MiniSeq1/221108_MN01831_0017_A000H3WV3T/Alignment_1/20221109_071814/Fastq/RA7_S4_L001_R2_001.fastq.gz
Altos20221026-2,Altos20221026-2_H3K27ac_A1667497237423,2022-10-26 Altos Labs,H3K27ac,2,ATGA,rna,A7,SRA7,/NAS1/MiniSeq1/221108_MN01831_0017_A000H3WV3T/Alignment_1/20221109_071814/Fastq/RA7_S4_L001_R1_001.fastq.gz,/NAS1/MiniSeq1/221108_MN01831_0017_A000H3WV3T/Alignment_1/20221109_071814/Fastq/RA7_S4_L001_R2_001.fastq.gz
Altos20221026-3,Altos20221026-3_H3K27ac_A1667497256103,2022-10-26 Altos Labs,H3K27ac,3,AGCT,rna,A7,SRA7,/NAS1/MiniSeq1/221108_MN01831_0017_A000H3WV3T/Alignment_1/20221109_071814/Fastq/RA7_S4_L001_R1_001.fastq.gz,/NAS1/MiniSeq1/221108_MN01831_0017_A000H3WV3T/Alignment_1/20221109_071814/Fastq/RA7_S4_L001_R2_001.fastq.gz
Altos20221026-1,Altos20221026-1_H3K4me1_A1667497266123,2022-10-26 Altos Labs,H3K4me1,4,ACAG,rna,A7,SRA7,/NAS1/MiniSeq1/221108_MN01831_0017_A000H3WV3T/Alignment_1/20221109_071814/Fastq/RA7_S4_L001_R1_001.fastq.gz,/NAS1/MiniSeq1/221108_MN01831_0017_A000H3WV3T/Alignment_1/20221109_071814/Fastq/RA7_S4_L001_R2_001.fastq.gz
Altos20221026-2,Altos20221026-2_H3K4me1_A1667497279791,2022-10-26 Altos Labs,H3K4me1,5,GAAT,rna,A7,SRA7,/NAS1/MiniSeq1/221108_MN01831_0017_A000H3WV3T/Alignment_1/20221109_071814/Fastq/RA7_S4_L001_R1_001.fastq.gz,/NAS1/MiniSeq1/221108_MN01831_0017_A000H3WV3T/Alignment_1/20221109_071814/Fastq/RA7_S4_L001_R2_001.fastq.gz
Altos20221026-3,Altos20221026-3_H3K4me1_A1667497289672,2022-10-26 Altos Labs,H3K4me1,6,TACG,rna,A7,SRA7,/NAS1/MiniSeq1/221108_MN01831_0017_A000H3WV3T/Alignment_1/20221109_071814/Fastq/RA7_S4_L001_R1_001.fastq.gz,/NAS1/MiniSeq1/221108_MN01831_0017_A000H3WV3T/Alignment_1/20221109_071814/Fastq/RA7_S4_L001_R2_001.fastq.gz
Altos20221026-1,Altos20221026-1_H3K27me3_A1667497298795,2022-10-26 Altos Labs,H3K27me3,7,TTAC,rna,A7,SRA7,/NAS1/MiniSeq1/221108_MN01831_0017_A000H3WV3T/Alignment_1/20221109_071814/Fastq/RA7_S4_L001_R1_001.fastq.gz,/NAS1/MiniSeq1/221108_MN01831_0017_A000H3WV3T/Alignment_1/20221109_071814/Fastq/RA7_S4_L001_R2_001.fastq.gz
Altos20221026-2,Altos20221026-2_H3K27me3_A1667497307290,2022-10-26 Altos Labs,H3K27me3,8,GTTG,rna,A7,SRA7,/NAS1/MiniSeq1/221108_MN01831_0017_A000H3WV3T/Alignment_1/20221109_071814/Fastq/RA7_S4_L001_R1_001.fastq.gz,/NAS1/MiniSeq1/221108_MN01831_0017_A000H3WV3T/Alignment_1/20221109_071814/Fastq/RA7_S4_L001_R2_001.fastq.gz
Altos20221026-3,Altos20221026-3_H3K27me3_A1667497316431,2022-10-26 Altos Labs,H3K27me3,9,CCGT,rna,A7,SRA7,/NAS1/MiniSeq1/221108_MN01831_0017_A000H3WV3T/Alignment_1/20221109_071814/Fastq/RA7_S4_L001_R1_001.fastq.gz,/NAS1/MiniSeq1/221108_MN01831_0017_A000H3WV3T/Alignment_1/20221109_071814/Fastq/RA7_S4_L001_R2_001.fastq.gz
Altos20221026-1,Altos20221026-1_H3K9me3_A1667497326834,2022-10-26 Altos Labs,H3K9me3,10,CGAA,rna,A7,SRA7,/NAS1/MiniSeq1/221108_MN01831_0017_A000H3WV3T/Alignment_1/20221109_071814/Fastq/RA7_S4_L001_R1_001.fastq.gz,/NAS1/MiniSeq1/221108_MN01831_0017_A000H3WV3T/Alignment_1/20221109_071814/Fastq/RA7_S4_L001_R2_001.fastq.gz
Altos20221026-2,Altos20221026-2_H3K9me3_A1667497336154,2022-10-26 Altos Labs,H3K9me3,11,TCTA,rna,A7,SRA7,/NAS1/MiniSeq1/221108_MN01831_0017_A000H3WV3T/Alignment_1/20221109_071814/Fastq/RA7_S4_L001_R1_001.fastq.gz,/NAS1/MiniSeq1/221108_MN01831_0017_A000H3WV3T/Alignment_1/20221109_071814/Fastq/RA7_S4_L001_R2_001.fastq.gz
Altos20221026-3,Altos20221026-3_H3K9me3_A1667497343653,2022-10-26 Altos Labs,H3K9me3,12,GGGC,rna,A7,SRA7,/NAS1/MiniSeq1/221108_MN01831_0017_A000H3WV3T/Alignment_1/20221109_071814/Fastq/RA7_S4_L001_R1_001.fastq.gz,/NAS1/MiniSeq1/221108_MN01831_0017_A000H3WV3T/Alignment_1/20221109_071814/Fastq/RA7_S4_L001_R2_001.fastq.gz
